Data Source,World Development Indicators,,,,,,,,,,,,,,,,,,,,,,,,,,,,,,,,,,,,,,,,,,,,,,,,,,,,,,,,,,,,,,,
,,,,,,,,,,,,,,,,,,,,,,,,,,,,,,,,,,,,,,,,,,,,,,,,,,,,,,,,,,,,,,,,
Last Updated Date,17/02/2021,,,,,,,,,,,,,,,,,,,,,,,,,,,,,,,,,,,,,,,,,,,,,,,,,,,,,,,,,,,,,,,
,,,,,,,,,,,,,,,,,,,,,,,,,,,,,,,,,,,,,,,,,,,,,,,,,,,,,,,,,,,,,,,,
Country Name,Country Code,Indicator Name,Indicator Code,1960,1961,1962,1963,1964,1965,1966,1967,1968,1969,1970,1971,1972,1973,1974,1975,1976,1977,1978,1979,1980,1981,1982,1983,1984,1985,1986,1987,1988,1989,1990,1991,1992,1993,1994,1995,1996,1997,1998,1999,2000,2001,2002,2003,2004,2005,2006,2007,2008,2009,2010,2011,2012,2013,2014,2015,2016,2017,2018,2019,2020
Aruba,ABW,Researchers in R&D (per million people),SP.POP.SCIE.RD.P6,,,,,,,,,,,,,,,,,,,,,,,,,,,,,,,,,,,,,,,,,,,,,,,,,,,,,,,,,,,,,
Afghanistan,AFG,Researchers in R&D (per million people),SP.POP.SCIE.RD.P6,,,,,,,,,,,,,,,,,,,,,,,,,,,,,,,,,,,,,,,,,,,,,,,,,,,,,,,,,,,,,
Angola,AGO,Researchers in R&D (per million people),SP.POP.SCIE.RD.P6,,,,,,,,,,,,,,,,,,,,,,,,,,,,,,,,,,,,,,,,,,,,,,,,,,,,47.48012,,,,,18.81599,,,,
Albania,ALB,Researchers in R&D (per million people),SP.POP.SCIE.RD.P6,,,,,,,,,,,,,,,,,,,,,,,,,,,,,,,,,,,,,,,,,,,,,,,,,155.52783,,,,,,,,,,,,
Andorra,AND,Researchers in R&D (per million people),SP.POP.SCIE.RD.P6,,,,,,,,,,,,,,,,,,,,,,,,,,,,,,,,,,,,,,,,,,,,,,,,,,,,,,,,,,,,,
Arab World,ARB,Researchers in R&D (per million people),SP.POP.SCIE.RD.P6,,,,,,,,,,,,,,,,,,,,,,,,,,,,,,,,,,,,,,,,,,,,,,,,,,,,,,,,,,,,,
United Arab Emirates,ARE,Researchers in R&D (per million people),SP.POP.SCIE.RD.P6,,,,,,,,,,,,,,,,,,,,,,,,,,,,,,,,,,,,,,,,,,,,,,,,,,,,,,,,1980.47815,2383.08382,,2378.88895,,
Argentina,ARG,Researchers in R&D (per million people),SP.POP.SCIE.RD.P6,,,,,,,,,,,,,,,,,,,,,,,,,,,,,,,,,,,,,,695.61942,704.84088,713.0788,716.55644,688.2777,692.19186,718.52276,765.64017,819.37769,891.83275,974.71808,1035.99886,1035.62531,1123.83311,1180.67303,1203.37119,1198.26439,1206.94193,1230.53948,1259.64008,1192.22598,,,
Armenia,ARM,Researchers in R&D (per million people),SP.POP.SCIE.RD.P6,,,,,,,,,,,,,,,,,,,,,,,,,,,,,,,,,,,,,,,,,,,,,,,,,,,,,,,,,,,,,
American Samoa,ASM,Researchers in R&D (per million people),SP.POP.SCIE.RD.P6,,,,,,,,,,,,,,,,,,,,,,,,,,,,,,,,,,,,,,,,,,,84.63101,403.33423,150.80176,100.73537,,,,,,,,,,,,,,,
Antigua and Barbuda,ATG,Researchers in R&D (per million people),SP.POP.SCIE.RD.P6,,,,,,,,,,,,,,,,,,,,,,,,,,,,,,,,,,,,,,,,,,,,,,,,,,,,,,,,,,,,,
Australia,AUS,Researchers in R&D (per million people),SP.POP.SCIE.RD.P6,,,,,,,,,,,,,,,,,,,,,,,,,,,,,,,,,,,,,3355.86511,,3382.17189,,3475.32527,,3771.53817,,4084.15159,,4248.25649,,4343.12653,,4532.40149,,,,,,,,,,
Austria,AUT,Researchers in R&D (per million people),SP.POP.SCIE.RD.P6,,,,,,,,,,,,,,,,,,,,,,,,,,,,,,,,,,,,,,,2327.40749,,,,2965.68455,,3158.79469,3449.33454,3524.13895,3810.03152,4136.92593,4140.10453,4349.71722,4390.34667,4669.44719,4724.72032,4947.87477,5019.43848,5224.35435,5387.92896,5733.07565,,
Azerbaijan,AZE,Researchers in R&D (per million people),SP.POP.SCIE.RD.P6,,,,,,,,,,,,,,,,,,,,,,,,,,,,,,,,,,,,,,,,,,,,,,,,,,,,,,,,,,,,,
Burundi,BDI,Researchers in R&D (per million people),SP.POP.SCIE.RD.P6,,,,,,,,,,,,,,,,,,,,,,,,,,,,,,,,,,,,,,,,,,,,,,,,,,,,,20.928,,,,,,23.43546,,
Belgium,BEL,Researchers in R&D (per million people),SP.POP.SCIE.RD.P6,,,,,,,,,,,,,,,,,,,,,,,,,,,,,,,,,,,,,2461.70357,2568.80419,2695.24276,2899.1808,2970.19422,3123.98921,2958.84489,2967.37,3091.60518,3142.7299,3284.43073,3395.01749,3411.75263,3519.85499,3732.83127,3875.64397,4113.26364,4155.91094,4528.91488,4711.04559,4780.51719,4729.55358,5023.26301,,
Benin,BEN,Researchers in R&D (per million people),SP.POP.SCIE.RD.P6,,,,,,,,,,,,,,,,,,,,,,,,,,,,,,,,,,,,,,,,,,,,,,,,,,,,,,,,,,,,,
Burkina Faso,BFA,Researchers in R&D (per million people),SP.POP.SCIE.RD.P6,,,,,,,,,,,,,,,,,,,,,,,,,,,,,,,,,,,,,,,,,,,,,,,,,,,47.57672,,,,,,,,,,
Bangladesh,BGD,Researchers in R&D (per million people),SP.POP.SCIE.RD.P6,,,,,,,,,,,,,,,,,,,,,,,,,,,,,,,,,,,,,,,,,,,,,,,,,,,,,,,,,,,,,
Bulgaria,BGR,Researchers in R&D (per million people),SP.POP.SCIE.RD.P6,,,,,,,,,,,,,,,,,,,,,,,,,,,,,,,,,,,,,1778.95,1458.87376,1471.18278,1311.51638,1185.17766,1162.19205,1172.479,1228.67973,1268.87888,1307.79884,1354.47304,1478.61752,1513.00749,1601.3888,1478.65161,1613.03219,1540.76839,1683.79312,1821.92174,1977.29335,2237.29099,2125.18395,2342.86988,,
Bahrain,BHR,Researchers in R&D (per million people),SP.POP.SCIE.RD.P6,,,,,,,,,,,,,,,,,,,,,,,,,,,,,,,,,,,,,,,,,,,,,,,,,,,,,,,368.99126,,,,,,
"Bahamas, The",BHS,Researchers in R&D (per million people),SP.POP.SCIE.RD.P6,,,,,,,,,,,,,,,,,,,,,,,,,,,,,,,,,,,,,,,,,,,,,,,,,,,,,,,,,,,,,
Bosnia and Herzegovina,BIH,Researchers in R&D (per million people),SP.POP.SCIE.RD.P6,,,,,,,,,,,,,,,,,,,,,,,,,,,,,,,,,,,,,,,,,,,,61.59419,63.42766,67.1423,178.23305,198.03677,,,,,160.13994,233.86738,292.38061,365.22839,419.99063,485.42082,471.2501,,
Belarus,BLR,Researchers in R&D (per million people),SP.POP.SCIE.RD.P6,,,,,,,,,,,,,,,,,,,,,,,,,,,,,,,,,,,,,,,,,,,,,,,,,,,,,,,,,,,,,
Belize,BLZ,Researchers in R&D (per million people),SP.POP.SCIE.RD.P6,,,,,,,,,,,,,,,,,,,,,,,,,,,,,,,,,,,,,,,,,,,,,,,,,,,,,,,,,,,,,
Bermuda,BMU,Researchers in R&D (per million people),SP.POP.SCIE.RD.P6,,,,,,,,,,,,,,,,,,,,,,,,,,,,,,,,,,,,,,,,,,,,,,,,,,,,,,,,,,,,,
Bolivia,BOL,Researchers in R&D (per million people),SP.POP.SCIE.RD.P6,,,,,,,,,,,,,,,,,,,,,,,,,,,,,,,,,,,,,,,72.86864,72.66504,71.2736,122.37427,118.95484,,,,,,,143.85751,163.80159,,,,,,,,,,
Brazil,BRA,Researchers in R&D (per million people),SP.POP.SCIE.RD.P6,,,,,,,,,,,,,,,,,,,,,,,,,,,,,,,,,,,,,,,,,295.23457,337.39902,398.41199,423.24525,483.03027,509.01507,543.2361,555.12941,590.71388,625.52058,686.12491,737.71786,788.48979,838.47208,887.67844,,,,,,
Barbados,BRB,Researchers in R&D (per million people),SP.POP.SCIE.RD.P6,,,,,,,,,,,,,,,,,,,,,,,,,,,,,,,,,,,,,,,,,,,,,,,,,,,,,,,,,,,,,
Brunei Darussalam,BRN,Researchers in R&D (per million people),SP.POP.SCIE.RD.P6,,,,,,,,,,,,,,,,,,,,,,,,,,,,,,,,,,,,,,,,,,,285.48195,277.39015,283.50207,,,,,,,,,,,,,,,,
Bhutan,BTN,Researchers in R&D (per million people),SP.POP.SCIE.RD.P6,,,,,,,,,,,,,,,,,,,,,,,,,,,,,,,,,,,,,,,,,,,,,,,,,,,,,,,,,,,,,
Botswana,BWA,Researchers in R&D (per million people),SP.POP.SCIE.RD.P6,,,,,,,,,,,,,,,,,,,,,,,,,,,,,,,,,,,,,,,,,,,,,,,,,,,,,172.43949,185.20781,,,,,,,
Central African Republic,CAF,Researchers in R&D (per million people),SP.POP.SCIE.RD.P6,,,,,,,,,,,,,,,,,,,,,,,,,,,,,,,,,,,,,,,,,,,,,,,,,,,,,,,,,,,,,
Canada,CAN,Researchers in R&D (per million people),SP.POP.SCIE.RD.P6,,,,,,,,,,,,,,,,,,,,,,,,,,,,,,,,,,,,,3071.85016,3132.90307,3171.46654,3255.43936,3527.48297,3708.21662,3719.25787,3913.5484,4098.00332,4250.05244,4323.08007,4595.39481,4715.39105,4451.47828,4646.30508,4780.08165,4627.4515,4623.11761,4541.84807,4523.09283,4369.6299,4325.64492,,,
Central Europe and the Baltics,CEB,Researchers in R&D (per million people),SP.POP.SCIE.RD.P6,,,,,,,,,,,,,,,,,,,,,,,,,,,,,,,,,,,,,1405.525605,1393.920963,1403.738425,1378.860579,1371.319696,1386.037203,1407.379211,1420.193864,1489.511207,1608.730009,1615.060997,1678.494135,1743.727992,1760.989516,1833.508004,1849.977331,1923.008695,1999.992967,2107.664294,2148.377208,2224.564279,2547.025827,2690.764719,,
Switzerland,CHE,Researchers in R&D (per million people),SP.POP.SCIE.RD.P6,,,,,,,,,,,,,,,,,,,,,,,,,,,,,,,,,,,,,3140.79232,,,,3654.23759,,,,3468.17479,,,,3298.21466,,,,4468.64965,,,5271.86792,,5450.4318,,,
Channel Islands,CHI,Researchers in R&D (per million people),SP.POP.SCIE.RD.P6,,,,,,,,,,,,,,,,,,,,,,,,,,,,,,,,,,,,,,,,,,,,,,,,,,,,,,,,,,,,,
Chile,CHL,Researchers in R&D (per million people),SP.POP.SCIE.RD.P6,,,,,,,,,,,,,,,,,,,,,,,,,,,,,,,,,,,,,,,,,,,,,,,,335.80614,356.65448,287.75,318.82717,352.70683,390.68244,335.36674,427.12188,454.95945,493.45864,493.29542,,,
China,CHN,Researchers in R&D (per million people),SP.POP.SCIE.RD.P6,,,,,,,,,,,,,,,,,,,,,,,,,,,,,,,,,,,,,437.82691,466.48325,381.68769,414.43141,538.57781,571.71041,619.97445,655.44415,700.0701,840.6356,914.33689,1057.4944,1176.45974,846.55957,884.59337,957.56503,1014.31188,1066.20984,1089.19646,1150.81931,1196.68794,1224.7822,1307.12128,,
Cote d'Ivoire,CIV,Researchers in R&D (per million people),SP.POP.SCIE.RD.P6,,,,,,,,,,,,,,,,,,,,,,,,,,,,,,,,,,,,,,,,,,,,,,69.13831,,,,,,,,,,,,,,,
Cameroon,CMR,Researchers in R&D (per million people),SP.POP.SCIE.RD.P6,,,,,,,,,,,,,,,,,,,,,,,,,,,,,,,,,,,,,,,,,,,,,,,,,,,,,,,,,,,,,
"Congo, Dem. Rep.",COD,Researchers in R&D (per million people),SP.POP.SCIE.RD.P6,,,,,,,,,,,,,,,,,,,,,,,,,,,,,,,,,,,,,,,,,,,,,,,,,,,,,,,,10.56469,,,,,
"Congo, Rep.",COG,Researchers in R&D (per million people),SP.POP.SCIE.RD.P6,,,,,,,,,,,,,,,,,,,,,,,,,,,,,,,,,,,,,50.97261,49.69867,40.73997,36.28515,32.5349,,,,,,,,,,,,,,,,,,,,
Colombia,COL,Researchers in R&D (per million people),SP.POP.SCIE.RD.P6,,,,,,,,,,,,,,,,,,,,,,,,,,,,,,,,,,,,,,,,,,,,,,,,,,,,,,57.3604,58.29539,69.54869,89.36161,88.0191,,,
Comoros,COM,Researchers in R&D (per million people),SP.POP.SCIE.RD.P6,,,,,,,,,,,,,,,,,,,,,,,,,,,,,,,,,,,,,,,,,,,,,,,,,,,,,,,,,,,,,
Cabo Verde,CPV,Researchers in R&D (per million people),SP.POP.SCIE.RD.P6,,,,,,,,,,,,,,,,,,,,,,,,,,,,,,,,,,,,,,,,,,103.27994,135.45516,,,,,,,,,50.11456,,,123.48752,,,,,,
Costa Rica,CRI,Researchers in R&D (per million people),SP.POP.SCIE.RD.P6,,,,,,,,,,,,,,,,,,,,,,,,,,,,,,,,,,,,,,,,,,,,131.60255,108.63507,122.92609,,,261.02787,339.54618,381.87801,406.20873,337.24403,355.11641,568.46192,495.2758,525.37635,380.40758,,,
Caribbean small states,CSS,Researchers in R&D (per million people),SP.POP.SCIE.RD.P6,,,,,,,,,,,,,,,,,,,,,,,,,,,,,,,,,,,,,,,,,,,,,,,,,,,,,,,,,,,,,
Cuba,CUB,Researchers in R&D (per million people),SP.POP.SCIE.RD.P6,,,,,,,,,,,,,,,,,,,,,,,,,,,,,,,,,,,,,,,,,,,,,,,,,,,,,,,,,,,,,
Curacao,CUW,Researchers in R&D (per million people),SP.POP.SCIE.RD.P6,,,,,,,,,,,,,,,,,,,,,,,,,,,,,,,,,,,,,,,,,,,,,,,,,,,,,,,,,,,,,
Cayman Islands,CYM,Researchers in R&D (per million people),SP.POP.SCIE.RD.P6,,,,,,,,,,,,,,,,,,,,,,,,,,,,,,,,,,,,,,,,,,,,,,,,,,,,,,,,,,,,,
Cyprus,CYP,Researchers in R&D (per million people),SP.POP.SCIE.RD.P6,,,,,,,,,,,,,,,,,,,,,,,,,,,,,,,,,,,,,,,345.60424,402.60856,434.37809,471.97958,609.48271,677.83199,795.28883,916.65065,986.91676,1029.19752,1011.38118,1065.75189,1077.70041,1063.79153,1017.46435,1036.13054,1064.92501,1009.05438,1050.53568,1196.43246,1255.85256,,
Czech Republic,CZE,Researchers in R&D (per million people),SP.POP.SCIE.RD.P6,,,,,,,,,,,,,,,,,,,,,,,,,,,,,,,,,,,,,1252.42638,1216.8299,1217.25267,1313.26026,1346.24335,1459.15571,1460.55587,1543.97793,1591.85157,2356.08067,2550.5671,2691.54938,2857.02226,2742.07513,2773.95996,2903.66154,3139.23525,3237.23584,3402.82622,3592.07367,3516.17175,3682.03353,3862.67088,,
Germany,DEU,Researchers in R&D (per million people),SP.POP.SCIE.RD.P6,,,,,,,,,,,,,,,,,,,,,,,,,,,,,,,,,,,,,2830.52913,2896.74656,2920.19895,3129.2693,3167.95093,3245.82431,3260.09201,3295.27713,3309.57342,3335.03503,3434.56922,3578.50351,3733.27645,3922.21205,4058.00596,4188.80831,4352.32261,4366.6912,4320.70432,4743.7863,4861.74717,5076.51794,5211.87408,,
Djibouti,DJI,Researchers in R&D (per million people),SP.POP.SCIE.RD.P6,,,,,,,,,,,,,,,,,,,,,,,,,,,,,,,,,,,,,,,,,,,,,,,,,,,,,,,,,,,,,
Dominica,DMA,Researchers in R&D (per million people),SP.POP.SCIE.RD.P6,,,,,,,,,,,,,,,,,,,,,,,,,,,,,,,,,,,,,,,,,,,,,,,,,,,,,,,,,,,,,
Denmark,DNK,Researchers in R&D (per million people),SP.POP.SCIE.RD.P6,,,,,,,,,,,,,,,,,,,,,,,,,,,,,,,,,,,,,3177.82015,3317.91566,,3559.90315,,3630.60375,4754.85692,4618.92274,4843.25403,5197.44741,5298.45015,5516.35572,6493.89539,6656.97016,6739.18115,7017.93917,7143.2887,7071.13776,7310.65804,7528.26439,7846.65759,7924.95265,8065.88729,,
Dominican Republic,DOM,Researchers in R&D (per million people),SP.POP.SCIE.RD.P6,,,,,,,,,,,,,,,,,,,,,,,,,,,,,,,,,,,,,,,,,,,,,,,,,,,,,,,,,,,,,
Algeria,DZA,Researchers in R&D (per million people),SP.POP.SCIE.RD.P6,,,,,,,,,,,,,,,,,,,,,,,,,,,,,,,,,,,,,,,,,,,,,,168.71935,,,,,,,,,,,,819.3427,,,
East Asia & Pacific (excluding high income),EAP,Researchers in R&D (per million people),SP.POP.SCIE.RD.P6,,,,,,,,,,,,,,,,,,,,,,,,,,,,,,,,,,,,,416.5774017,433.0610404,364.8145186,389.4321392,488.488179,493.4973635,532.0370335,604.7598513,696.2871533,771.7928298,903.6706581,965.0705797,1164.848202,687.2648446,896.5273137,897.6882793,1030.668323,979.0371243,1103.036514,1060.064248,1060.435537,1026.073043,1131.226224,,
Early-demographic dividend,EAR,Researchers in R&D (per million people),SP.POP.SCIE.RD.P6,,,,,,,,,,,,,,,,,,,,,,,,,,,,,,,,,,,,,,,,,,,,,,182.0423455,,,,,,,,,,318.2317617,,,,,
East Asia & Pacific,EAS,Researchers in R&D (per million people),SP.POP.SCIE.RD.P6,,,,,,,,,,,,,,,,,,,,,,,,,,,,,,,,,,,,,887.1735359,871.0688854,860.486952,848.5018028,925.3470437,901.2114634,966.1759669,1053.961062,1206.476652,1234.856651,1436.091186,1431.792183,1666.40152,1112.569245,1454.899906,1382.737726,1552.188045,1456.795833,1632.94738,1538.580295,1518.76046,1486.466406,1622.921926,,
Europe & Central Asia (excluding high income),ECA,Researchers in R&D (per million people),SP.POP.SCIE.RD.P6,,,,,,,,,,,,,,,,,,,,,,,,,,,,,,,,,,,,,,,,,,,,2169.358943,2130.154666,2099.67847,2003.81449,1939.329018,1892.248333,1876.375374,1880.691634,1905.502112,1896.874476,1883.535744,1882.891635,1908.054854,1860.361997,1819.59109,1935.155639,,
Europe & Central Asia,ECS,Researchers in R&D (per million people),SP.POP.SCIE.RD.P6,,,,,,,,,,,,,,,,,,,,,,,,,,,,,,,,,,,,,2287.537427,2247.277322,2188.376502,2283.036314,2270.013227,2342.474208,2350.27301,2414.747314,2532.248527,2581.83224,2572.335596,2569.320706,2638.900567,2660.300925,2711.089765,2736.03667,2811.987818,2838.359933,2872.886916,2988.221522,2998.045044,3114.629779,3373.029812,,
Ecuador,ECU,Researchers in R&D (per million people),SP.POP.SCIE.RD.P6,,,,,,,,,,,,,,,,,,,,,,,,,,,,,,,,,,,,,83.99431,77.98216,83.12532,,,39.79971,41.84589,48.2435,,,70.05997,64.63095,102.6071,117.68404,140.58063,179.50769,281.16658,350.66109,399.48996,,,,,,
"Egypt, Arab Rep.",EGY,Researchers in R&D (per million people),SP.POP.SCIE.RD.P6,,,,,,,,,,,,,,,,,,,,,,,,,,,,,,,,,,,,,,,,,,,,,,,,630.98119,438.60396,433.32825,492.40565,491.76349,517.14349,539.02144,675.24227,672.94068,689.24608,677.10022,686.71743,,
Euro area,EMU,Researchers in R&D (per million people),SP.POP.SCIE.RD.P6,,,,,,,,,,,,,,,,,,,,,,,,,,,,,,,,,,,,,2140.521652,2103.513042,2186.175907,2241.712231,2388.186335,2411.367933,2501.734161,2502.467917,2731.131328,2761.752241,2881.463938,2995.121478,3173.999798,3250.445371,3359.605018,3397.921865,3531.192731,3566.01241,3594.406868,3760.563046,3843.922378,4018.040501,4180.055428,,
Eritrea,ERI,Researchers in R&D (per million people),SP.POP.SCIE.RD.P6,,,,,,,,,,,,,,,,,,,,,,,,,,,,,,,,,,,,,,,,,,,,,,,,,,,,,,,,,,,,,
Spain,ESP,Researchers in R&D (per million people),SP.POP.SCIE.RD.P6,,,,,,,,,,,,,,,,,,,,,,,,,,,,,,,,,,,,,1293.76965,1345.88749,1499.17068,1521.90846,1878.01989,1938.08593,1987.56262,2172.07522,2331.98475,2492.55988,2588.91382,2699.24266,2843.27503,2872.33062,2869.16871,2765.99771,2693.77956,2625.68144,2613.09979,2623.35435,2715.46526,2855.74562,3000.8872,,
Estonia,EST,Researchers in R&D (per million people),SP.POP.SCIE.RD.P6,,,,,,,,,,,,,,,,,,,,,,,,,,,,,,,,,,,,,,,2117.53981,2138.49802,1905.49434,1926.3794,2212.28698,2197.52365,2470.7293,2457.12751,2603.45067,2744.93118,2969.24123,3228.71566,3060.57874,3397.58185,3462.92471,3341.01051,3284.26311,3183.24369,3295.07562,3542.54618,3755.32912,,
Ethiopia,ETH,Researchers in R&D (per million people),SP.POP.SCIE.RD.P6,,,,,,,,,,,,,,,,,,,,,,,,,,,,,,,,,,,,,,,,,,,,,,21.06192,,20.01875,,,42.22959,,,44.73122,,,,90.52892,,,
European Union,EUU,Researchers in R&D (per million people),SP.POP.SCIE.RD.P6,,,,,,,,,,,,,,,,,,,,,,,,,,,,,,,,,,,,,1967.742678,1992.706469,1980.778583,2092.497433,2122.518183,2237.123719,2266.793424,2339.713432,2528.236118,2601.253098,2690.846163,2769.301393,2934.737507,2990.616124,3091.785588,3129.790921,3252.389482,3331.867406,3387.009332,3532.067196,3631.070257,3840.156983,3994.154854,,
Fragile and conflict affected situations,FCS,Researchers in R&D (per million people),SP.POP.SCIE.RD.P6,,,,,,,,,,,,,,,,,,,,,,,,,,,,,,,,,,,,,,,,,,,,,,,,,,,,,,,,,,,,,
Finland,FIN,Researchers in R&D (per million people),SP.POP.SCIE.RD.P6,,,,,,,,,,,,,,,,,,,,,,,,,,,,,,,,,,,,,,,,,,,,,7821.86137,7526.63043,7657.22083,7361.54046,7684.80833,7646.33708,7720.22345,7421.582,7473.70618,7206.5324,7009.28753,6844.54752,6531.47954,6721.83019,6861.10974,,
Fiji,FJI,Researchers in R&D (per million people),SP.POP.SCIE.RD.P6,,,,,,,,,,,,,,,,,,,,,,,,,,,,,,,,,,,,,,,,,,,,,,,,,,,,,,,,,,,,,
France,FRA,Researchers in R&D (per million people),SP.POP.SCIE.RD.P6,,,,,,,,,,,,,,,,,,,,,,,,,,,,,,,,,,,,,2668.87618,2657.86067,2664.54015,2732.74323,2915.69466,2986.85851,3117.21193,3199.74823,3334.16691,3313.25866,3423.74845,3585.80596,3659.88478,3747.28462,3873.01285,3942.38881,4073.25058,4154.81555,4233.6383,4307.48974,4414.69944,4561.11283,4715.31913,,
Faroe Islands,FRO,Researchers in R&D (per million people),SP.POP.SCIE.RD.P6,,,,,,,,,,,,,,,,,,,,,,,,,,,,,,,,,,,,,,,,,,,,1813.12194,,,,,,,,,,,,,,,,,
"Micronesia, Fed. Sts.",FSM,Researchers in R&D (per million people),SP.POP.SCIE.RD.P6,,,,,,,,,,,,,,,,,,,,,,,,,,,,,,,,,,,,,,,,,,,,,,,,,,,,,,,,,,,,,
Gabon,GAB,Researchers in R&D (per million people),SP.POP.SCIE.RD.P6,,,,,,,,,,,,,,,,,,,,,,,,,,,,,,,,,,,,,,,,,,,,,,,,,,,,,,,,,,,,,
United Kingdom,GBR,Researchers in R&D (per million people),SP.POP.SCIE.RD.P6,,,,,,,,,,,,,,,,,,,,,,,,,,,,,,,,,,,,,2490.55483,2497.82047,2694.6175,2853.96564,2894.5148,3080.69401,3340.22179,3638.09033,3824.26193,4123.53188,4176.31268,4111.14041,4053.92721,4076.55189,4043.26715,3926.11787,3969.85915,4119.45134,4227.62028,4319.50151,4357.93303,4341.15124,4603.31022,,
Georgia,GEO,Researchers in R&D (per million people),SP.POP.SCIE.RD.P6,,,,,,,,,,,,,,,,,,,,,,,,,,,,,,,,,,,,,,,,,,,,,,,,,,,,,,566.35449,1059.47472,1280.46364,1306.59079,1307.40616,1463.77339,,
Ghana,GHA,Researchers in R&D (per million people),SP.POP.SCIE.RD.P6,,,,,,,,,,,,,,,,,,,,,,,,,,,,,,,,,,,,,,,,,,,,,,,,17.0833,,,37.95861,,,,,89.11206,,,,,
Gibraltar,GIB,Researchers in R&D (per million people),SP.POP.SCIE.RD.P6,,,,,,,,,,,,,,,,,,,,,,,,,,,,,,,,,,,,,,,,,,,,,,,,,,,,,,,,,,,,,
Guinea,GIN,Researchers in R&D (per million people),SP.POP.SCIE.RD.P6,,,,,,,,,,,,,,,,,,,,,,,,,,,,,,,,,,,,,,,,,,,,,,,,,,,,,,,,,,,,,
"Gambia, The",GMB,Researchers in R&D (per million people),SP.POP.SCIE.RD.P6,,,,,,,,,,,,,,,,,,,,,,,,,,,,,,,,,,,,,,,,,,,,,,,,,91.7548,102.85707,,31.70743,,,,,,,52.89256,,
Guinea-Bissau,GNB,Researchers in R&D (per million people),SP.POP.SCIE.RD.P6,,,,,,,,,,,,,,,,,,,,,,,,,,,,,,,,,,,,,,,,,,,,,,,,,,,,,,,,,,,,,
Equatorial Guinea,GNQ,Researchers in R&D (per million people),SP.POP.SCIE.RD.P6,,,,,,,,,,,,,,,,,,,,,,,,,,,,,,,,,,,,,,,,,,,,,,,,,,,,,,,,,,,,,
Greece,GRC,Researchers in R&D (per million people),SP.POP.SCIE.RD.P6,,,,,,,,,,,,,,,,,,,,,,,,,,,,,,,,,,,,,,1005.33116,,1337.30175,,1290.70596,,1393.29901,,1745.4921,1779.74915,1889.68736,,,,2278.51787,2300.31448,2721.31093,2791.8715,3255.9863,2769.89991,3311.44856,3482.71652,,
Grenada,GRD,Researchers in R&D (per million people),SP.POP.SCIE.RD.P6,,,,,,,,,,,,,,,,,,,,,,,,,,,,,,,,,,,,,,,,,,,,,,,,,,,,,,,,,,,,,
Greenland,GRL,Researchers in R&D (per million people),SP.POP.SCIE.RD.P6,,,,,,,,,,,,,,,,,,,,,,,,,,,,,,,,,,,,,,,,,,536.15495,539.65108,647.175,701.71119,,,,,,,,,,,,,,,,
Guatemala,GTM,Researchers in R&D (per million people),SP.POP.SCIE.RD.P6,,,,,,,,,,,,,,,,,,,,,,,,,,,,,,,,,,,,,,,,,,,,,,29.6273,24.25912,34.08678,38.55373,38.69725,24.81132,24.75115,26.91416,17.37646,20.28482,22.15054,22.07069,14.07038,,,
Guam,GUM,Researchers in R&D (per million people),SP.POP.SCIE.RD.P6,,,,,,,,,,,,,,,,,,,,,,,,,,,,,,,,,,,,,,,,,,,,285.32118,316.25353,303.02648,,,,,,,,,,,,,,,
Guyana,GUY,Researchers in R&D (per million people),SP.POP.SCIE.RD.P6,,,,,,,,,,,,,,,,,,,,,,,,,,,,,,,,,,,,,,,,,,,,,,,,,,,,,,,,,,,,,
High income,HIC,Researchers in R&D (per million people),SP.POP.SCIE.RD.P6,,,,,,,,,,,,,,,,,,,,,,,,,,,,,,,,,,,,,2805.278442,2829.80028,2908.461062,2969.203636,3035.512376,3133.273234,3170.662408,3330.215826,3414.312017,3485.46195,3587.787566,3575.124522,3683.519061,3740.710247,3776.082357,3808.324903,3853.451512,3947.901788,4061.338621,4115.694028,4163.884196,4350.777413,,,
"Hong Kong SAR, China",HKG,Researchers in R&D (per million people),SP.POP.SCIE.RD.P6,,,,,,,,,,,,,,,,,,,,,,,,,,,,,,,,,,,,,,,1062.64742,1214.5713,1169.78769,1372.74013,1587.48988,2007.08525,2163.66776,2662.50136,2694.02889,2858.61946,2680.96008,2784.6927,3114.55198,3085.38105,3191.214,3377.87416,3591.19623,3565.12862,3741.2636,3782.34083,4026.46326,,
Honduras,HND,Researchers in R&D (per million people),SP.POP.SCIE.RD.P6,,,,,,,,,,,,,,,,,,,,,,,,,,,,,,,,,,,,,,,,,,,,,,,,,,,,,,,,22.38581,,34.68019,,,
Heavily indebted poor countries (HIPC),HPC,Researchers in R&D (per million people),SP.POP.SCIE.RD.P6,,,,,,,,,,,,,,,,,,,,,,,,,,,,,,,,,,,,,,,,,,,,,,,,,,,,,,,,,,,,,
Croatia,HRV,Researchers in R&D (per million people),SP.POP.SCIE.RD.P6,,,,,,,,,,,,,,,,,,,,,,,,,,,,,,,,,,,,,,,1054.34062,1239.33088,1529.33272,1509.95616,1950.04367,1335.41586,1628.69347,1308.11424,1321.96175,1404.9522,1538.60787,1596.53963,1641.34223,1587.48964,1556.84123,1526.68079,1437.42986,1504.17896,1850.49572,1868.34023,1921.13136,,
Haiti,HTI,Researchers in R&D (per million people),SP.POP.SCIE.RD.P6,,,,,,,,,,,,,,,,,,,,,,,,,,,,,,,,,,,,,,,,,,,,,,,,,,,,,,,,,,,,,
Hungary,HUN,Researchers in R&D (per million people),SP.POP.SCIE.RD.P6,,,,,,,,,,,,,,,,,,,,,,,,,,,,,,,,,,,,,1007.31162,1082.02179,1141.19204,1227.28944,1409.51912,1438.76719,1471.87798,1496.84332,1473.53102,1574.27119,1744.98861,1734.91036,1851.90616,2014.5713,2149.8141,2326.16657,2416.47759,2546.08461,2673.43438,2589.09791,2645.75681,2921.5331,3237.70314,,
IBRD only,IBD,Researchers in R&D (per million people),SP.POP.SCIE.RD.P6,,,,,,,,,,,,,,,,,,,,,,,,,,,,,,,,,,,,,519.0311913,,460.8046462,,491.6637282,,,,,620.173501,,,,,677.6312097,,,,,785.4299768,,,854.8382676,,
IDA & IBRD total,IBT,Researchers in R&D (per million people),SP.POP.SCIE.RD.P6,,,,,,,,,,,,,,,,,,,,,,,,,,,,,,,,,,,,,,,,,,,,,,575.4832756,,,,,626.3902308,,,,,725.5736874,,,,,
IDA total,IDA,Researchers in R&D (per million people),SP.POP.SCIE.RD.P6,,,,,,,,,,,,,,,,,,,,,,,,,,,,,,,,,,,,,,,,,,,,,,,,,,,,,,,,,,,,,
IDA blend,IDB,Researchers in R&D (per million people),SP.POP.SCIE.RD.P6,,,,,,,,,,,,,,,,,,,,,,,,,,,,,,,,,,,,,,,,,,,,,,,,129.2613428,,,,,,,,,,,,,
Indonesia,IDN,Researchers in R&D (per million people),SP.POP.SCIE.RD.P6,,,,,,,,,,,,,,,,,,,,,,,,,,,,,,,,,,,,,,,,,212.67641,199.23758,,,,,,,,89.4684,,,,,,,178.87539,215.19041,215.99355,,
IDA only,IDX,Researchers in R&D (per million people),SP.POP.SCIE.RD.P6,,,,,,,,,,,,,,,,,,,,,,,,,,,,,,,,,,,,,,,,,,,,,,,,,,,,,,,,,,,,,
Isle of Man,IMN,Researchers in R&D (per million people),SP.POP.SCIE.RD.P6,,,,,,,,,,,,,,,,,,,,,,,,,,,,,,,,,,,,,,,,,,,,,,,,,,,,,,,,,,,,,
India,IND,Researchers in R&D (per million people),SP.POP.SCIE.RD.P6,,,,,,,,,,,,,,,,,,,,,,,,,,,,,,,,,,,,,152.0066,,115.2819,,109.72807,,,,,134.91257,,,,,156.21967,,,,,216.00083,,,252.70392,,
Not classified,INX,Researchers in R&D (per million people),SP.POP.SCIE.RD.P6,,,,,,,,,,,,,,,,,,,,,,,,,,,,,,,,,,,,,,,,,,,,,,,,,,,,,,,,,,,,,
Ireland,IRL,Researchers in R&D (per million people),SP.POP.SCIE.RD.P6,,,,,,,,,,,,,,,,,,,,,,,,,,,,,,,,,,,,,1773.7516,1930.22753,2093.25539,2110.96544,2251.06216,2329.10707,2399.18239,2522.31364,2713.07228,2797.96572,2877.11763,2935.43441,3284.06258,3156.91625,3112.64841,3325.77887,4853.9581,5136.47506,5304.47968,5270.65971,5178.20302,5401.03558,5243.12624,,
"Iran, Islamic Rep.",IRN,Researchers in R&D (per million people),SP.POP.SCIE.RD.P6,,,,,,,,,,,,,,,,,,,,,,,,,,,,,,,,,,,,,,,,,,,,,,,716.40808,,752.46181,716.57342,743.10098,,697.06229,679.38896,,825.2793,,1474.91351,,,
Iraq,IRQ,Researchers in R&D (per million people),SP.POP.SCIE.RD.P6,,,,,,,,,,,,,,,,,,,,,,,,,,,,,,,,,,,,,,,,,,,,,,,,377.51805,391.46408,415.83311,432.01568,441.29756,,,69.56885,65.81003,64.76253,105.92266,111.13687,,
Iceland,ISL,Researchers in R&D (per million people),SP.POP.SCIE.RD.P6,,,,,,,,,,,,,,,,,,,,,,,,,,,,,,,,,,,,,,4916.96277,5137.35398,5677.1152,,6572.47788,,6657.35956,,7305.2658,8006.67289,7235.98628,7423.61093,7925.97655,,6981.39572,,5648.36011,,5887.90678,,6130.51111,,,
Israel,ISR,Researchers in R&D (per million people),SP.POP.SCIE.RD.P6,,,,,,,,,,,,,,,,,,,,,,,,,,,,,,,,,,,,,,,,,,,,,,,,,,,,,,,,,,,,,
Italy,ITA,Researchers in R&D (per million people),SP.POP.SCIE.RD.P6,,,,,,,,,,,,,,,,,,,,,,,,,,,,,,,,,,,,,1339.53735,1154.47799,1151.75927,1149.01198,1166.12207,1172.77939,1245.87026,1221.79803,1242.69299,1415.36006,1510.51664,1583.03806,1625.30333,1723.02044,1743.3443,1781.38859,1848.62689,1930.68673,1956.36059,2077.88262,2204.07609,2313.65481,2306.76644,,
Jamaica,JAM,Researchers in R&D (per million people),SP.POP.SCIE.RD.P6,,,,,,,,,,,,,,,,,,,,,,,,,,,,,,,,,,,,,,,,,,,,,,,,,,,,,,,,,,,,,
Jordan,JOR,Researchers in R&D (per million people),SP.POP.SCIE.RD.P6,,,,,,,,,,,,,,,,,,,,,,,,,,,,,,,,,,,,,,,1838.60153,,,,,,,,,,,,,,,,,252.41257,592.40429,595.96296,,,
Japan,JPN,Researchers in R&D (per million people),SP.POP.SCIE.RD.P6,,,,,,,,,,,,,,,,,,,,,,,,,,,,,,,,,,,,,4874.80293,4928.90302,5135.76289,5174.98105,5078.03328,5113.15815,4871.53026,5094.30965,5099.26372,5303.91647,5333.04329,5325.62374,5108.78261,5099.21074,5103.62526,5110.16567,5032.93122,5147.43517,5328.40955,5173.03053,5209.36906,5304.13762,5331.15027,,
Kazakhstan,KAZ,Researchers in R&D (per million people),SP.POP.SCIE.RD.P6,,,,,,,,,,,,,,,,,,,,,,,,,,,,,,,,,,,,,,,,,,,,,,,,406.56972,376.49437,348.62542,370.53265,385.91519,612.18307,737.22035,798.6654,777.14475,693.6834,666.14974,666.9353,,
Kenya,KEN,Researchers in R&D (per million people),SP.POP.SCIE.RD.P6,,,,,,,,,,,,,,,,,,,,,,,,,,,,,,,,,,,,,,,,,,,,,,,,54.39476,,,221.38592,,,,,,,,,,
Kyrgyz Republic,KGZ,Researchers in R&D (per million people),SP.POP.SCIE.RD.P6,,,,,,,,,,,,,,,,,,,,,,,,,,,,,,,,,,,,,,,,,,,,,,,,,,,,,,,,,,,,,
Cambodia,KHM,Researchers in R&D (per million people),SP.POP.SCIE.RD.P6,,,,,,,,,,,,,,,,,,,,,,,,,,,,,,,,,,,,,,,,,,,17.64162,,,,,,,,,,,,,30.36704,,,,,
Kiribati,KIR,Researchers in R&D (per million people),SP.POP.SCIE.RD.P6,,,,,,,,,,,,,,,,,,,,,,,,,,,,,,,,,,,,,,,,,,,,,,,,,,,,,,,,,,,,,
St. Kitts and Nevis,KNA,Researchers in R&D (per million people),SP.POP.SCIE.RD.P6,,,,,,,,,,,,,,,,,,,,,,,,,,,,,,,,,,,,,,,,,,,,,,,,,,,,,,,,,,,,,
"Korea, Rep.",KOR,Researchers in R&D (per million people),SP.POP.SCIE.RD.P6,,,,,,,,,,,,,,,,,,,,,,,,,,,,,,,,,,,,,2173.35036,2222.26773,1984.97701,2131.35869,2287.28865,2857.84513,2956.63207,3134.09011,3221.46022,3692.16563,4091.41112,4525.93231,4801.24195,4946.08574,5330.8012,5802.83693,6304.13833,6392.6361,6826.27375,7013.4907,7086.44637,7497.59608,7980.39565,,
Kuwait,KWT,Researchers in R&D (per million people),SP.POP.SCIE.RD.P6,,,,,,,,,,,,,,,,,,,,,,,,,,,,,,,,,,,,,,194.70769,180.21767,167.03935,158.42568,159.75033,161.90945,165.61607,169.50755,169.14824,165.14497,188.49697,151.73141,142.50039,136.03469,129.73239,131.08966,,620.16705,395.76691,478.15511,501.56567,513.86021,,
Latin America & Caribbean (excluding high income),LAC,Researchers in R&D (per million people),SP.POP.SCIE.RD.P6,,,,,,,,,,,,,,,,,,,,,,,,,,,,,,,,,,,,,,,,,298.2389177,307.4686955,356.8734728,381.9683826,445.7137618,460.1891092,459.48941,477.2622417,492.2310377,518.1844983,544.4881118,580.6918157,588.6581836,569.8337123,585.3237254,,,,,,
Lao PDR,LAO,Researchers in R&D (per million people),SP.POP.SCIE.RD.P6,,,,,,,,,,,,,,,,,,,,,,,,,,,,,,,,,,,,,,,,,,,15.83763,,,,,,,,,,,,,,,,,,
Lebanon,LBN,Researchers in R&D (per million people),SP.POP.SCIE.RD.P6,,,,,,,,,,,,,,,,,,,,,,,,,,,,,,,,,,,,,,,,,,,,,,,,,,,,,,,,,,,,,
Liberia,LBR,Researchers in R&D (per million people),SP.POP.SCIE.RD.P6,,,,,,,,,,,,,,,,,,,,,,,,,,,,,,,,,,,,,,,,,,,,,,,,,,,,,,,,,,,,,
Libya,LBY,Researchers in R&D (per million people),SP.POP.SCIE.RD.P6,,,,,,,,,,,,,,,,,,,,,,,,,,,,,,,,,,,,,,,,,,,,,,,,,,,,,,,,,,,,,
St. Lucia,LCA,Researchers in R&D (per million people),SP.POP.SCIE.RD.P6,,,,,,,,,,,,,,,,,,,,,,,,,,,,,,,,,,,,,,,,,,,,,,,,,,,,,,,,,,,,,
Latin America & Caribbean,LCN,Researchers in R&D (per million people),SP.POP.SCIE.RD.P6,,,,,,,,,,,,,,,,,,,,,,,,,,,,,,,,,,,,,,,,,296.2758746,305.644341,354.8310241,379.5097501,,457.0927366,456.4261318,469.0142086,483.5736177,506.378472,536.4258485,568.3599311,576.8088878,555.8999429,580.1642593,,,,,,
Least developed countries: UN classification,LDC,Researchers in R&D (per million people),SP.POP.SCIE.RD.P6,,,,,,,,,,,,,,,,,,,,,,,,,,,,,,,,,,,,,,,,,,,,,,,,,,,,,,,,,,,,,
Low income,LIC,Researchers in R&D (per million people),SP.POP.SCIE.RD.P6,,,,,,,,,,,,,,,,,,,,,,,,,,,,,,,,,,,,,,,,,,,,,,,,,,,,,,,,,,,,,
Liechtenstein,LIE,Researchers in R&D (per million people),SP.POP.SCIE.RD.P6,,,,,,,,,,,,,,,,,,,,,,,,,,,,,,,,,,,,,,,,,,,,,,,,,,,,,,,,,,,,,
Sri Lanka,LKA,Researchers in R&D (per million people),SP.POP.SCIE.RD.P6,,,,,,,,,,,,,,,,,,,,,,,,,,,,,,,,,,,,,187.72505,,,,135.10778,,,,138.18429,,93.06471,,98.67902,,105.6178,,,110.14833,98.94889,105.988,,,,,
Lower middle income,LMC,Researchers in R&D (per million people),SP.POP.SCIE.RD.P6,,,,,,,,,,,,,,,,,,,,,,,,,,,,,,,,,,,,,,,,,,,,,,,,,,,,,,,,288.1706859,,,,,
Low & middle income,LMY,Researchers in R&D (per million people),SP.POP.SCIE.RD.P6,,,,,,,,,,,,,,,,,,,,,,,,,,,,,,,,,,,,,,,,,,,,,,561.0750654,,,,,614.5361271,,,,,712.567556,,,,,
Lesotho,LSO,Researchers in R&D (per million people),SP.POP.SCIE.RD.P6,,,,,,,,,,,,,,,,,,,,,,,,,,,,,,,,,,,,,,,,,,,5.91183,7.43182,9.97039,,,,,23.01356,,5.93875,,,,24.1134,,,,,
Late-demographic dividend,LTE,Researchers in R&D (per million people),SP.POP.SCIE.RD.P6,,,,,,,,,,,,,,,,,,,,,,,,,,,,,,,,,,,,,786.1151399,803.677818,725.5427239,734.6693581,791.0492496,814.5350382,825.0248598,871.8225711,914.4944423,1006.654749,1062.271167,1149.385766,1234.681915,1000.405442,1049.676756,1102.685097,1174.722818,1142.984897,1208.12293,1269.249636,1351.501294,1327.745848,1485.219178,,
Lithuania,LTU,Researchers in R&D (per million people),SP.POP.SCIE.RD.P6,,,,,,,,,,,,,,,,,,,,,,,,,,,,,,,,,,,,,2090.04161,2178.82572,2372.90167,2419.54153,2220.83311,2324.66084,1836.41081,1934.76679,2175.60337,2283.60885,2415.74046,2598.05215,2624.76014,2680.54615,2752.72295,2721.0196,2634.32583,2843.86431,3054.01621,2785.58468,2950.27923,3071.96071,3190.70248,,
Luxembourg,LUX,Researchers in R&D (per million people),SP.POP.SCIE.RD.P6,,,,,,,,,,,,,,,,,,,,,,,,,,,,,,,,,,,,,,,,,3773.4205,,,4357.04034,4494.72023,4864.12343,4411.84682,4633.67129,4712.76563,4826.32364,5144.98247,5451.36114,4352.17017,4614.21778,4741.07149,4480.00056,4667.99249,4960.21355,4941.70411,,
Latvia,LVA,Researchers in R&D (per million people),SP.POP.SCIE.RD.P6,,,,,,,,,,,,,,,,,,,,,,,,,,,,,,,,,,,,,1145.29746,1063.87011,1052.02569,1090.4899,1599.72217,1482.60075,1479.50937,1389.07682,1458.58501,1457.37576,1768.48687,1891.18821,2012.65717,1688.28111,1838.72373,1885.26039,1886.88729,1772.65341,1854.32652,1808.60341,1596.54272,1784.63705,1792.10447,,
"Macao SAR, China",MAC,Researchers in R&D (per million people),SP.POP.SCIE.RD.P6,,,,,,,,,,,,,,,,,,,,,,,,,,,,,,,,,,,,,,,,,,260.99585,233.94627,319.23332,518.23909,616.12317,556.09671,387.90036,388.55754,569.71884,649.847,610.53098,736.65119,913.27602,1031.46687,1276.89058,2648.29416,3227.40402,3543.20632,,
St. Martin (French part),MAF,Researchers in R&D (per million people),SP.POP.SCIE.RD.P6,,,,,,,,,,,,,,,,,,,,,,,,,,,,,,,,,,,,,,,,,,,,,,,,,,,,,,,,,,,,,
Morocco,MAR,Researchers in R&D (per million people),SP.POP.SCIE.RD.P6,,,,,,,,,,,,,,,,,,,,,,,,,,,,,,,,,,,,,,,,,,,,,,,648.34298,640.61768,656.47094,,719.77615,845.40676,850.27811,,1024.35348,,1073.54029,,,,
Monaco,MCO,Researchers in R&D (per million people),SP.POP.SCIE.RD.P6,,,,,,,,,,,,,,,,,,,,,,,,,,,,,,,,,,,,,,,,,,,,,268.65672,295.48208,,,,,,,,,,,,,,,
Moldova,MDA,Researchers in R&D (per million people),SP.POP.SCIE.RD.P6,,,,,,,,,,,,,,,,,,,,,,,,,,,,,,,,,,,,,,,,,,,,758.71083,756.85278,719.51143,700.06227,725.50111,822.14159,802.81842,760.86315,777.34742,768.64793,737.28776,746.80204,758.22053,725.74132,723.88211,696.07769,,
Madagascar,MDG,Researchers in R&D (per million people),SP.POP.SCIE.RD.P6,,,,,,,,,,,,,,,,,,,,,,,,,,,,,,,,,,,,,,,14.38335,14.85357,15.22185,50.55061,47.00236,47.10882,47.63243,47.93659,47.61585,48.21564,46.5082,45.21341,51.95815,50.86468,,,,,24.70438,30.62121,34.04118,,
Maldives,MDV,Researchers in R&D (per million people),SP.POP.SCIE.RD.P6,,,,,,,,,,,,,,,,,,,,,,,,,,,,,,,,,,,,,,,,,,,,,,,,,,,,,,,,,,,,,
Middle East & North Africa,MEA,Researchers in R&D (per million people),SP.POP.SCIE.RD.P6,,,,,,,,,,,,,,,,,,,,,,,,,,,,,,,,,,,,,,,,,,,,,,,,,,,,,,,,,,,,,
Mexico,MEX,Researchers in R&D (per million people),SP.POP.SCIE.RD.P6,,,,,,,,,,,,,,,,,,,,,,,,,,,,,,,,,,,,,213.57629,226.36902,216.87277,224.43492,224.75263,233.20776,306.16191,325.54975,380.07966,414.33815,337.15088,347.43818,339.65449,382.10138,337.41655,344.22852,248.08539,251.79954,260.18938,281.32423,315.2625,,,,
Marshall Islands,MHL,Researchers in R&D (per million people),SP.POP.SCIE.RD.P6,,,,,,,,,,,,,,,,,,,,,,,,,,,,,,,,,,,,,,,,,,,,,,,,,,,,,,,,,,,,,
Middle income,MIC,Researchers in R&D (per million people),SP.POP.SCIE.RD.P6,,,,,,,,,,,,,,,,,,,,,,,,,,,,,,,,,,,,,,,,,477.2456884,,,,,578.5580436,,,,,647.3273356,,,,,736.4801009,,,,,
North Macedonia,MKD,Researchers in R&D (per million people),SP.POP.SCIE.RD.P6,,,,,,,,,,,,,,,,,,,,,,,,,,,,,,,,,,,,,,612.12304,683.38024,669.83008,651.16357,606.99751,568.10195,544.45595,519.67674,540.21967,514.75161,502.55976,468.24066,431.60134,532.12835,445.22354,611.77913,675.27686,837.57866,858.45042,854.33425,729.35779,799.27238,,
Mali,MLI,Researchers in R&D (per million people),SP.POP.SCIE.RD.P6,,,,,,,,,,,,,,,,,,,,,,,,,,,,,,,,,,,,,,,,,,,,,,,38.85369,,,,29.40326,,,,,30.84218,,32.86062,,,
Malta,MLT,Researchers in R&D (per million people),SP.POP.SCIE.RD.P6,,,,,,,,,,,,,,,,,,,,,,,,,,,,,,,,,,,,,,,,,,,682.18641,688.5214,1082.37736,1183.73026,1282.21535,1206.31994,1321.15236,1200.33434,1417.00845,1785.91093,1986.68118,1886.6552,1831.71896,1891.32275,2054.58877,2130.46288,1946.50858,,
Myanmar,MMR,Researchers in R&D (per million people),SP.POP.SCIE.RD.P6,,,,,,,,,,,,,,,,,,,,,,,,,,,,,,,,,,,,,,7.30669,7.36661,11.04348,,12.15455,17.54637,,,,,,,,,,,,,,,29.07319,,,
Middle East & North Africa (excluding high income),MNA,Researchers in R&D (per million people),SP.POP.SCIE.RD.P6,,,,,,,,,,,,,,,,,,,,,,,,,,,,,,,,,,,,,,,,,,,,,,,,,593.8737591,,633.5904996,,,,,626.3146117,,857.6889477,,,
Montenegro,MNE,Researchers in R&D (per million people),SP.POP.SCIE.RD.P6,,,,,,,,,,,,,,,,,,,,,,,,,,,,,,,,,,,,,,,,,,,,,,,,,,,,649.79929,,645.01193,671.83174,834.61997,715.80706,702.71829,734.29976,,
Mongolia,MNG,Researchers in R&D (per million people),SP.POP.SCIE.RD.P6,,,,,,,,,,,,,,,,,,,,,,,,,,,,,,,,,,,,,,,,,,,,,,,,,,,,,,,,,,,,,
Northern Mariana Islands,MNP,Researchers in R&D (per million people),SP.POP.SCIE.RD.P6,,,,,,,,,,,,,,,,,,,,,,,,,,,,,,,,,,,,,,,,,,,,,,,,,,,,,,,,,,,,,
Mozambique,MOZ,Researchers in R&D (per million people),SP.POP.SCIE.RD.P6,,,,,,,,,,,,,,,,,,,,,,,,,,,,,,,,,,,,,,,,,,,,,,,15.98663,,19.92225,11.90581,38.77089,,,,,42.96538,,,,,
Mauritania,MRT,Researchers in R&D (per million people),SP.POP.SCIE.RD.P6,,,,,,,,,,,,,,,,,,,,,,,,,,,,,,,,,,,,,,,,,,,,,,,,,,,,,,,,,,,,,
Mauritius,MUS,Researchers in R&D (per million people),SP.POP.SCIE.RD.P6,,,,,,,,,,,,,,,,,,,,,,,,,,,,,,,,,,,,,,,,,,,,,,,,,,,,,181.81267,,,,,,473.85267,,
Malawi,MWI,Researchers in R&D (per million people),SP.POP.SCIE.RD.P6,,,,,,,,,,,,,,,,,,,,,,,,,,,,,,,,,,,,,,,,,,,,,,,,30.40818,,,50.3521,,,,,,,,,,
Malaysia,MYS,Researchers in R&D (per million people),SP.POP.SCIE.RD.P6,,,,,,,,,,,,,,,,,,,,,,,,,,,,,,,,,,,,,90.1149,,154.46771,,276.90906,,295.66195,,502.9445,,369.98376,,600.10745,1067.53695,1462.46876,1648.88372,1790.69463,,2054.16733,2307.9544,2396.53998,,,,
North America,NAC,Researchers in R&D (per million people),SP.POP.SCIE.RD.P6,,,,,,,,,,,,,,,,,,,,,,,,,,,,,,,,,,,,,3134.084161,3232.461655,3385.027224,3445.061167,3499.419887,3581.247639,3658.778392,3896.735199,3819.473081,3792.448661,3857.187246,3861.322258,4012.356708,4125.958513,3960.477819,4101.870318,4054.05022,4144.070247,4238.975733,4293.414053,4260.005847,4403.662214,,,
Namibia,NAM,Researchers in R&D (per million people),SP.POP.SCIE.RD.P6,,,,,,,,,,,,,,,,,,,,,,,,,,,,,,,,,,,,,,,,,,,,,,,,,,,,,,,149.46625,,,,,,
New Caledonia,NCL,Researchers in R&D (per million people),SP.POP.SCIE.RD.P6,,,,,,,,,,,,,,,,,,,,,,,,,,,,,,,,,,,,,,,,,,,,,,,,,,,,,,,,,,,,,
Niger,NER,Researchers in R&D (per million people),SP.POP.SCIE.RD.P6,,,,,,,,,,,,,,,,,,,,,,,,,,,,,,,,,,,,,,,,,,9.27552,8.5316,7.9064,8.07563,7.41313,,,,,,,,26.46415,,,,,,,
Nigeria,NGA,Researchers in R&D (per million people),SP.POP.SCIE.RD.P6,,,,,,,,,,,,,,,,,,,,,,,,,,,,,,,,,,,,,,,,,,,,,,,,38.78981,,,,,,,,,,,,,
Nicaragua,NIC,Researchers in R&D (per million people),SP.POP.SCIE.RD.P6,,,,,,,,,,,,,,,,,,,,,,,,,,,,,,,,,,,,,,70.42748,,,,,,,,,,,,,,,,,,,,,,,
Netherlands,NLD,Researchers in R&D (per million people),SP.POP.SCIE.RD.P6,,,,,,,,,,,,,,,,,,,,,,,,,,,,,,,,,,,,,2283.26272,2430.65126,2482.01932,2639.8244,2649.3471,2846.71466,2723.40367,2703.85362,2971.78481,2923.78188,3232.94929,3093.11608,3061.72631,2824.3081,3219.04137,3664.36592,4361.35075,4551.93071,4512.59862,4673.08231,4776.84417,4887.21604,5604.5408,,
Norway,NOR,Researchers in R&D (per million people),SP.POP.SCIE.RD.P6,,,,,,,,,,,,,,,,,,,,,,,,,,,,,,,,,,,,,,3956.77903,,4089.17828,,4352.06035,,4495.91322,4493.54902,4576.56177,4831.9343,5159.67913,5361.11887,5443.09661,5413.76596,5502.46245,5552.97485,5573.82633,5685.62686,5890.95502,6077.56807,6350.06229,6466.70021,,
Nepal,NPL,Researchers in R&D (per million people),SP.POP.SCIE.RD.P6,,,,,,,,,,,,,,,,,,,,,,,,,,,,,,,,,,,,,,,,,,,60.6658,,,,,,,,,,,,,,,,,,
Nauru,NRU,Researchers in R&D (per million people),SP.POP.SCIE.RD.P6,,,,,,,,,,,,,,,,,,,,,,,,,,,,,,,,,,,,,,,,,,,,,,,,,,,,,,,,,,,,,
New Zealand,NZL,Researchers in R&D (per million people),SP.POP.SCIE.RD.P6,,,,,,,,,,,,,,,,,,,,,,,,,,,,,,,,,,,,,,2202.41464,,2296.41152,,2642.95729,,3073.79113,,3140.23826,,3449.053,,3723.97525,,3688.88613,,3961.47849,,5417.66749,,5529.5219,,,
OECD members,OED,Researchers in R&D (per million people),SP.POP.SCIE.RD.P6,,,,,,,,,,,,,,,,,,,,,,,,,,,,,,,,,,,,,2477.653537,2503.790343,2587.946465,2651.899618,2706.399127,2783.920996,2825.6483,2963.122792,3044.659211,3101.357824,3191.323344,3180.016043,3287.506861,3330.853224,3350.196125,3401.236067,3444.273382,3388.950839,3468.857635,3549.607454,3562.896197,4078.696048,,,
Oman,OMN,Researchers in R&D (per million people),SP.POP.SCIE.RD.P6,,,,,,,,,,,,,,,,,,,,,,,,,,,,,,,,,,,,,,,,,,,,,,,,,,,,148.75852,172.55775,132.07693,177.91253,212.53692,239.80297,242.41051,281.16111,,
Other small states,OSS,Researchers in R&D (per million people),SP.POP.SCIE.RD.P6,,,,,,,,,,,,,,,,,,,,,,,,,,,,,,,,,,,,,,,,,,,,,,,,,,,,,,,,,,,,,
Pakistan,PAK,Researchers in R&D (per million people),SP.POP.SCIE.RD.P6,,,,,,,,,,,,,,,,,,,,,,,,,,,,,,,,,,,,,,76.12693,,,,,,,,79.15585,,156.95309,,157.25341,,143.02921,,158.12963,,278.85397,,335.58065,,,
Panama,PAN,Researchers in R&D (per million people),SP.POP.SCIE.RD.P6,,,,,,,,,,,,,,,,,,,,,,,,,,,,,,,,,,,,,111.8267,114.50945,158.29326,96.93066,94.37922,89.33056,94.31003,94.73214,84.72617,103.29657,104.96317,165.62068,131.67609,110.08,,118.17132,37.65953,39.10899,,,,,,,
Peru,PER,Researchers in R&D (per million people),SP.POP.SCIE.RD.P6,,,,,,,,,,,,,,,,,,,,,,,,,,,,,,,,,,,,,,,,,,,,,,,,,,,,,,,,,,,,,
Philippines,PHL,Researchers in R&D (per million people),SP.POP.SCIE.RD.P6,,,,,,,,,,,,,,,,,,,,,,,,,,,,,,,,,,,,,,,,,,,53.7453,70.55823,,79.883,,77.81402,,81.21262,,84.10554,,186.91776,,105.68078,,,,,
Palau,PLW,Researchers in R&D (per million people),SP.POP.SCIE.RD.P6,,,,,,,,,,,,,,,,,,,,,,,,,,,,,,,,,,,,,,,,,,,,,,,,,,,,,,,,,,,,,
Papua New Guinea,PNG,Researchers in R&D (per million people),SP.POP.SCIE.RD.P6,,,,,,,,,,,,,,,,,,,,,,,,,,,,,,,,,,,,,,,,,,,,,,,,,,,,,,,,,35.48821,,,,
Poland,POL,Researchers in R&D (per million people),SP.POP.SCIE.RD.P6,,,,,,,,,,,,,,,,,,,,,,,,,,,,,,,,,,,,,1362.61893,1442.52768,1456.76579,1463.21338,1430.98372,1457.2699,1473.81123,1524.25129,1587.1016,1620.11735,1553.21482,1600.78114,1611.32374,1593.27112,1683.05423,1675.06159,1752.7068,1873.05999,2064.04968,2171.57881,2320.78995,3019.1146,3106.1196,,
Pre-demographic dividend,PRE,Researchers in R&D (per million people),SP.POP.SCIE.RD.P6,,,,,,,,,,,,,,,,,,,,,,,,,,,,,,,,,,,,,,,,,,,,,,,,,,,,,,,,,,,,,
Puerto Rico,PRI,Researchers in R&D (per million people),SP.POP.SCIE.RD.P6,,,,,,,,,,,,,,,,,,,,,,,,,,,,,,,,,,,,,,,,,,,,,,,,,,,,,,273.98371,,348.36426,,,,,
"Korea, Dem. People’s Rep.",PRK,Researchers in R&D (per million people),SP.POP.SCIE.RD.P6,,,,,,,,,,,,,,,,,,,,,,,,,,,,,,,,,,,,,,,,,,,,,,,,,,,,,,,,,,,,,
Portugal,PRT,Researchers in R&D (per million people),SP.POP.SCIE.RD.P6,,,,,,,,,,,,,,,,,,,,,,,,,,,,,,,,,,,,,1245.38485,1340.82515,1438.89076,1536.05884,1625.53423,1713.98674,1827.80491,1940.82004,1975.38736,2010.3974,2338.18339,2664.85462,3813.75701,3756.501,3918.75913,4168.2672,4037.33199,3610.55354,3662.37537,3729.77304,4004.57642,4367.73282,4537.53162,,
Paraguay,PRY,Researchers in R&D (per million people),SP.POP.SCIE.RD.P6,,,,,,,,,,,,,,,,,,,,,,,,,,,,,,,,,,,,,,,,,,88.58892,82.2493,81.37784,86.39661,71.97684,,,76.6284,,,50.04755,168.34039,,152.2079,182.69493,121.1058,135.13787,,,
West Bank and Gaza,PSE,Researchers in R&D (per million people),SP.POP.SCIE.RD.P6,,,,,,,,,,,,,,,,,,,,,,,,,,,,,,,,,,,,,,,,,,,,,,,,74.53826,94.12243,143.26611,323.50083,,,575.10944,,,,,,,
Pacific island small states,PSS,Researchers in R&D (per million people),SP.POP.SCIE.RD.P6,,,,,,,,,,,,,,,,,,,,,,,,,,,,,,,,,,,,,,,,,,,,,,,,,,,,,,,,,,,,,
Post-demographic dividend,PST,Researchers in R&D (per million people),SP.POP.SCIE.RD.P6,,,,,,,,,,,,,,,,,,,,,,,,,,,,,,,,,,,,,2921.150163,2946.146773,3033.413662,3111.518321,3185.083346,3277.248874,3326.98454,3470.177855,3551.684728,3623.26941,3630.250804,3668.403294,3799.3604,3861.375183,3877.316815,3936.296891,3970.531674,4053.672334,4150.050195,4240.385265,4269.233627,4424.072745,,,
French Polynesia,PYF,Researchers in R&D (per million people),SP.POP.SCIE.RD.P6,,,,,,,,,,,,,,,,,,,,,,,,,,,,,,,,,,,,,,,,,,,,,,,,,,,,,,,,,,,,,
Qatar,QAT,Researchers in R&D (per million people),SP.POP.SCIE.RD.P6,,,,,,,,,,,,,,,,,,,,,,,,,,,,,,,,,,,,,,,,,,,,,,,,,,,,,548.00091,,,583.9826,,,577.34853,,
Romania,ROU,Researchers in R&D (per million people),SP.POP.SCIE.RD.P6,,,,,,,,,,,,,,,,,,,,,,,,,,,,,,,,,,,,,1328.74659,1255.91913,1223.78928,1052.68941,924.94974,897.07063,928.282,965.22132,985.12899,1071.93762,895.76749,894.16331,931.08256,933.76337,966.20415,790.68805,890.67001,922.67455,903.82628,876.22819,911.58518,891.32124,882.44127,,
Russian Federation,RUS,Researchers in R&D (per million people),SP.POP.SCIE.RD.P6,,,,,,,,,,,,,,,,,,,,,,,,,,,,,,,,,,,,,3797.2354,3604.33853,3342.10085,3383.09161,3459.03716,3468.25413,3387.67778,3370.95655,3315.13651,3233.59197,3238.12034,3274.15651,3149.85615,3085.69403,3081.07915,3114.61084,3078.38752,3052.69101,3075.14249,3098.11238,2952.21387,2821.52662,2784.33237,,
Rwanda,RWA,Researchers in R&D (per million people),SP.POP.SCIE.RD.P6,,,,,,,,,,,,,,,,,,,,,,,,,,,,,,,,,,,,,,,,,,,,,,,,,10.89817,12.59357,,,,15.5482,,,13.86086,,,,
South Asia,SAS,Researchers in R&D (per million people),SP.POP.SCIE.RD.P6,,,,,,,,,,,,,,,,,,,,,,,,,,,,,,,,,,,,,152.6621708,,115.2819,,110.1712454,,,,,128.0787674,,,,,155.4024147,,,,,222.6831638,,,252.70392,,
Saudi Arabia,SAU,Researchers in R&D (per million people),SP.POP.SCIE.RD.P6,,,,,,,,,,,,,,,,,,,,,,,,,,,,,,,,,,,,,,,,,,,,,,,,,,,,,,,,,,,,,
Sudan,SDN,Researchers in R&D (per million people),SP.POP.SCIE.RD.P6,,,,,,,,,,,,,,,,,,,,,,,,,,,,,,,,,,,,,,,,,,,,,,,,,,,,,,,,,,,,,
Senegal,SEN,Researchers in R&D (per million people),SP.POP.SCIE.RD.P6,,,,,,,,,,,,,,,,,,,,,,,,,,,,,,,,,,,,,,,,,,,,,,,264.53427,280.3951,377.09394,,369.06021,,,,,564.33948,,,,,
Singapore,SGP,Researchers in R&D (per million people),SP.POP.SCIE.RD.P6,,,,,,,,,,,,,,,,,,,,,,,,,,,,,,,,,,,,,2503.44471,2586.28409,2951.8115,3185.64822,4128.40471,4105.91725,4414.80999,4849.29981,5113.2705,5576.90004,5686.40114,5962.788,5829.34308,6146.38263,6241.86151,6405.06828,6356.67186,6603.11177,6632.24348,7006.63036,6934.91054,6802.53716,,,
Solomon Islands,SLB,Researchers in R&D (per million people),SP.POP.SCIE.RD.P6,,,,,,,,,,,,,,,,,,,,,,,,,,,,,,,,,,,,,,,,,,,,,,,,,,,,,,,,,,,,,
Sierra Leone,SLE,Researchers in R&D (per million people),SP.POP.SCIE.RD.P6,,,,,,,,,,,,,,,,,,,,,,,,,,,,,,,,,,,,,,,,,,,,,,,,,,,,,,,,,,,,,
El Salvador,SLV,Researchers in R&D (per million people),SP.POP.SCIE.RD.P6,,,,,,,,,,,,,,,,,,,,,,,,,,,,,,,,,,,,,,,,,,,,,,,,,,,,,,,,63.23987,65.76315,63.71196,,,
San Marino,SMR,Researchers in R&D (per million people),SP.POP.SCIE.RD.P6,,,,,,,,,,,,,,,,,,,,,,,,,,,,,,,,,,,,,,,,,,,,,,,,,,,,,,,,,,,,,
Somalia,SOM,Researchers in R&D (per million people),SP.POP.SCIE.RD.P6,,,,,,,,,,,,,,,,,,,,,,,,,,,,,,,,,,,,,,,,,,,,,,,,,,,,,,,,,,,,,
Serbia,SRB,Researchers in R&D (per million people),SP.POP.SCIE.RD.P6,,,,,,,,,,,,,,,,,,,,,,,,,,,,,,,,,,,,,,,,,,,,,,,,1195.5864,1360.36615,1429.36933,1514.84186,1624.00859,1643.3742,1726.97302,1830.99247,2071.21672,2132.77271,2079.19966,2087.21892,,
Sub-Saharan Africa (excluding high income),SSA,Researchers in R&D (per million people),SP.POP.SCIE.RD.P6,,,,,,,,,,,,,,,,,,,,,,,,,,,,,,,,,,,,,,,,,,,,,,,,,,,,,,,,,,,,,
South Sudan,SSD,Researchers in R&D (per million people),SP.POP.SCIE.RD.P6,,,,,,,,,,,,,,,,,,,,,,,,,,,,,,,,,,,,,,,,,,,,,,,,,,,,,,,,,,,,,
Sub-Saharan Africa,SSF,Researchers in R&D (per million people),SP.POP.SCIE.RD.P6,,,,,,,,,,,,,,,,,,,,,,,,,,,,,,,,,,,,,,,,,,,,,,,,,,,,,,,,,,,,,
Small states,SST,Researchers in R&D (per million people),SP.POP.SCIE.RD.P6,,,,,,,,,,,,,,,,,,,,,,,,,,,,,,,,,,,,,,,,,,,,,,,,,,,,,,,,,,,,,
Sao Tome and Principe,STP,Researchers in R&D (per million people),SP.POP.SCIE.RD.P6,,,,,,,,,,,,,,,,,,,,,,,,,,,,,,,,,,,,,,,,,,,,,,,,,,,,,,,,,,,,,
Suriname,SUR,Researchers in R&D (per million people),SP.POP.SCIE.RD.P6,,,,,,,,,,,,,,,,,,,,,,,,,,,,,,,,,,,,,,,,,,,,,,,,,,,,,,,,,,,,,
Slovak Republic,SVK,Researchers in R&D (per million people),SP.POP.SCIE.RD.P6,,,,,,,,,,,,,,,,,,,,,,,,,,,,,,,,,,,,,1858.94041,1853.57482,1880.35633,1705.16819,1843.78792,1775.00263,1700.14677,1782.83258,1985.00569,2022.72177,2181.25825,2288.36911,2331.25303,2460.58573,2809.39564,2833.44029,2820.16861,2716.36795,2715.55258,2650.20804,2253.26171,2416.22368,2995.95783,,
Slovenia,SVN,Researchers in R&D (per million people),SP.POP.SCIE.RD.P6,,,,,,,,,,,,,,,,,,,,,,,,,,,,,,,,,,,,,2257.40672,2023.69362,2156.0996,2227.27346,2181.39705,2263.18906,2335.87132,1899.02518,2024.89973,2633.11438,2924.94619,3106.17966,3475.93636,3661.11975,3769.81379,4277.31468,4317.18374,4220.32756,4147.06155,3814.21582,3914.26133,4479.40035,4854.56751,,
Sweden,SWE,Researchers in R&D (per million people),SP.POP.SCIE.RD.P6,,,,,,,,,,,,,,,,,,,,,,,,,,,,,,,,,,,,,,4158.14762,,4499.0789,,5169.30131,,5383.04692,5426.07913,6085.10832,6126.64788,4999.70588,5437.16684,5079.7335,5251.45024,5144.55392,5164.09629,6674.34947,6875.99043,6834.03397,7154.52927,7383.41927,7536.47495,,
Eswatini,SWZ,Researchers in R&D (per million people),SP.POP.SCIE.RD.P6,,,,,,,,,,,,,,,,,,,,,,,,,,,,,,,,,,,,,,,,,,,,,,,,,,,,,,,,142.34351,,,,,
Sint Maarten (Dutch part),SXM,Researchers in R&D (per million people),SP.POP.SCIE.RD.P6,,,,,,,,,,,,,,,,,,,,,,,,,,,,,,,,,,,,,,,,,,,,,,,,,,,,,,,,,,,,,
Seychelles,SYC,Researchers in R&D (per million people),SP.POP.SCIE.RD.P6,,,,,,,,,,,,,,,,,,,,,,,,,,,,,,,,,,,,,,,,,,,,,,146.64741,,,,,,,,,,,,,,,
Syrian Arab Republic,SYR,Researchers in R&D (per million people),SP.POP.SCIE.RD.P6,,,,,,,,,,,,,,,,,,,,,,,,,,,,,,,,,,,,,,,,,,,,,,,,,,,,,,,,90.95754,,,,,
Turks and Caicos Islands,TCA,Researchers in R&D (per million people),SP.POP.SCIE.RD.P6,,,,,,,,,,,,,,,,,,,,,,,,,,,,,,,,,,,,,,,,,,,,,,,,,,,,,,,,,,,,,
Chad,TCD,Researchers in R&D (per million people),SP.POP.SCIE.RD.P6,,,,,,,,,,,,,,,,,,,,,,,,,,,,,,,,,,,,,,,,,,,,,,,,,,,,,,,,,57.89175,,,,
East Asia & Pacific (IDA & IBRD countries),TEA,Researchers in R&D (per million people),SP.POP.SCIE.RD.P6,,,,,,,,,,,,,,,,,,,,,,,,,,,,,,,,,,,,,416.5774017,433.0610404,364.8145186,389.4321392,488.488179,493.4973635,532.0542721,604.7681979,696.3117927,771.8202915,903.6706581,965.0705797,1164.848202,687.2648446,896.5273137,897.6882793,1030.668323,979.0371243,1103.036514,1060.064248,1060.435537,1026.073043,1131.226224,,
Europe & Central Asia (IDA & IBRD countries),TEC,Researchers in R&D (per million people),SP.POP.SCIE.RD.P6,,,,,,,,,,,,,,,,,,,,,,,,,,,,,,,,,,,,,,,,,2064.91544,2055.609443,2024.820546,1998.274934,1980.598382,1962.386458,1884.348409,1843.924673,1809.880871,1795.64892,1810.967853,1822.064979,1828.291159,1830.966182,1846.983275,1878.138841,1857.289935,1886.971128,2007.97874,,
Togo,TGO,Researchers in R&D (per million people),SP.POP.SCIE.RD.P6,,,,,,,,,,,,,,,,,,,,,,,,,,,,,,,,,,,,,,,,,,,,26.63846,25.05594,33.14539,23.59931,36.48427,,,34.30567,34.45603,35.78489,,38.04847,36.13195,32.17731,38.75703,48.05369,,
Thailand,THA,Researchers in R&D (per million people),SP.POP.SCIE.RD.P6,,,,,,,,,,,,,,,,,,,,,,,,,,,,,,,,,,,,,100.41546,72.46093,,167.22695,,278.72559,,280.62026,,313.4698,,323.22955,,329.01211,,538.51997,,790.89267,963.8546,864.67908,1208.45903,1350.34325,,,
Tajikistan,TJK,Researchers in R&D (per million people),SP.POP.SCIE.RD.P6,,,,,,,,,,,,,,,,,,,,,,,,,,,,,,,,,,,,,,,,,,,,,,,,,,,,,,,,,,,,,
Turkmenistan,TKM,Researchers in R&D (per million people),SP.POP.SCIE.RD.P6,,,,,,,,,,,,,,,,,,,,,,,,,,,,,,,,,,,,,,,,,,,,,,,,,,,,,,,,,,,,,
Latin America & the Caribbean (IDA & IBRD countries),TLA,Researchers in R&D (per million people),SP.POP.SCIE.RD.P6,,,,,,,,,,,,,,,,,,,,,,,,,,,,,,,,,,,,,,,,,296.2758746,305.644341,354.8310241,379.5097501,442.4912494,457.0927366,456.4261318,469.0142086,483.5736177,506.378472,536.4258485,568.3599311,576.8088878,557.9313822,580.1642593,,,,,,
Timor-Leste,TLS,Researchers in R&D (per million people),SP.POP.SCIE.RD.P6,,,,,,,,,,,,,,,,,,,,,,,,,,,,,,,,,,,,,,,,,,,,,,,,,,,,,,,,,,,,,
Middle East & North Africa (IDA & IBRD countries),TMN,Researchers in R&D (per million people),SP.POP.SCIE.RD.P6,,,,,,,,,,,,,,,,,,,,,,,,,,,,,,,,,,,,,,,,,,,,,,,,,601.9563635,,638.711888,,,,,626.3146117,,857.6889477,,,
Tonga,TON,Researchers in R&D (per million people),SP.POP.SCIE.RD.P6,,,,,,,,,,,,,,,,,,,,,,,,,,,,,,,,,,,,,,,,,,,,,,,,,,,,,,,,,,,,,
South Asia (IDA & IBRD),TSA,Researchers in R&D (per million people),SP.POP.SCIE.RD.P6,,,,,,,,,,,,,,,,,,,,,,,,,,,,,,,,,,,,,152.6621708,,115.2819,,110.1712454,,,,,128.0787674,,,,,155.4024147,,,,,222.6831638,,,252.70392,,
Sub-Saharan Africa (IDA & IBRD countries),TSS,Researchers in R&D (per million people),SP.POP.SCIE.RD.P6,,,,,,,,,,,,,,,,,,,,,,,,,,,,,,,,,,,,,,,,,,,,,,,,,,,,,,,,,,,,,
Trinidad and Tobago,TTO,Researchers in R&D (per million people),SP.POP.SCIE.RD.P6,,,,,,,,,,,,,,,,,,,,,,,,,,,,,,,,,,,,,,,,,,,,,,,,,,,,,,,,,,517.31899,,,
Tunisia,TUN,Researchers in R&D (per million people),SP.POP.SCIE.RD.P6,,,,,,,,,,,,,,,,,,,,,,,,,,,,,,,,,,,,,,,,,,,,,,,,1087.85037,1217.44506,1490.54305,1384.73551,1431.40679,1627.91525,1801.15843,1814.12233,1799.02431,1982.22833,,1771.60777,,
Turkey,TUR,Researchers in R&D (per million people),SP.POP.SCIE.RD.P6,,,,,,,,,,,,,,,,,,,,,,,,,,,,,,,,,,,,,304.34199,313.1886,308.57818,322.13579,365.00521,353.65644,368.33011,494.17908,505.53768,576.39149,620.49825,713.80484,749.95603,809.83496,889.58445,981.82744,1100.08415,1173.18826,1160.92355,1211.78504,1254.67457,1379.41194,,,
Tuvalu,TUV,Researchers in R&D (per million people),SP.POP.SCIE.RD.P6,,,,,,,,,,,,,,,,,,,,,,,,,,,,,,,,,,,,,,,,,,,,,,,,,,,,,,,,,,,,,
Tanzania,TZA,Researchers in R&D (per million people),SP.POP.SCIE.RD.P6,,,,,,,,,,,,,,,,,,,,,,,,,,,,,,,,,,,,,,,,,,,,,,,,,,,36.07047,,,19.15202,,,,,,,
Uganda,UGA,Researchers in R&D (per million people),SP.POP.SCIE.RD.P6,,,,,,,,,,,,,,,,,,,,,,,,,,,,,,,,,,,,,,,,,,,,,,,,,,,38.93837,,,,27.84496,,,,,,
Ukraine,UKR,Researchers in R&D (per million people),SP.POP.SCIE.RD.P6,,,,,,,,,,,,,,,,,,,,,,,,,,,,,,,,,,,,,,,,,,,,,,,1475.39462,1455.6353,1428.28728,1345.59351,1327.99136,1257.92846,1231.02563,1162.04915,1023.92665,1005.99722,1037.24086,994.07744,988.07663,,
Upper middle income,UMC,Researchers in R&D (per million people),SP.POP.SCIE.RD.P6,,,,,,,,,,,,,,,,,,,,,,,,,,,,,,,,,,,,,714.6960156,707.6647757,640.7141696,655.2819184,669.7183555,668.4857513,772.950976,776.5920917,829.3093241,901.5976067,953.441632,1035.419742,1107.296977,819.7592833,950.2347661,1000.896866,1051.574337,1053.852493,1087.295291,1144.101633,1082.949475,1149.386741,,,
Uruguay,URY,Researchers in R&D (per million people),SP.POP.SCIE.RD.P6,,,,,,,,,,,,,,,,,,,,,,,,,,,,,,,,,,,,,,,,218.90187,277.64557,,373.41704,,,,,,427.816,558.56148,626.6233,614.43768,632.44031,634.91258,642.85874,661.48712,679.00479,690.7908,696.37621,,
United States,USA,Researchers in R&D (per million people),SP.POP.SCIE.RD.P6,,,,,,,,,,,,,,,,,,,,,,,,,,,,,,,,,,,,,3140.92456,3243.38158,3408.37276,3465.72038,3496.36797,3567.42616,3652.18425,3894.90127,3789.08962,3742.51961,3806.33035,3781.17475,3935.49275,4090.2744,3885.08226,4027.11889,3990.62379,4090.88439,4205.25602,4267.83919,4247.7483,4412.43542,,,
Uzbekistan,UZB,Researchers in R&D (per million people),SP.POP.SCIE.RD.P6,,,,,,,,,,,,,,,,,,,,,,,,,,,,,,,,,,,,,,,,,662.25393,614.61104,630.40868,588.33122,578.38896,632.7809,565.66032,556.9256,580.41085,572.98176,544.95896,574.80051,513.08323,507.03862,501.24254,497.42064,506.04688,495.5728,476.17883,,
St. Vincent and the Grenadines,VCT,Researchers in R&D (per million people),SP.POP.SCIE.RD.P6,,,,,,,,,,,,,,,,,,,,,,,,,,,,,,,,,,,,,,,,,,,,,,,,,,,,,,,,,,,,,
"Venezuela, RB",VEN,Researchers in R&D (per million people),SP.POP.SCIE.RD.P6,,,,,,,,,,,,,,,,,,,,,,,,,,,,,,,,,,,,,,,49.76692,56.2767,61.79615,71.45039,70.15822,95.88432,105.74462,122.87928,148.11811,165.2622,190.36879,185.82991,204.04403,232.62356,295.83625,363.7885,272.67612,248.92103,300.25538,,,,
British Virgin Islands,VGB,Researchers in R&D (per million people),SP.POP.SCIE.RD.P6,,,,,,,,,,,,,,,,,,,,,,,,,,,,,,,,,,,,,,,,,,,,,,,,,,,,,,,,,,,,,
Virgin Islands (U.S.),VIR,Researchers in R&D (per million people),SP.POP.SCIE.RD.P6,,,,,,,,,,,,,,,,,,,,,,,,,,,,,,,,,,,,,,,,,,,,,,,,,,,,,,,,,,,,,
Vietnam,VNM,Researchers in R&D (per million people),SP.POP.SCIE.RD.P6,,,,,,,,,,,,,,,,,,,,,,,,,,,,,,,,,,,,,,,,,,,114.40569,,,,,,,,,,,679.46269,,678.56047,,707.74357,,,
Vanuatu,VUT,Researchers in R&D (per million people),SP.POP.SCIE.RD.P6,,,,,,,,,,,,,,,,,,,,,,,,,,,,,,,,,,,,,,,,,,,,,,,,,,,,,,,,,,,,,
World,WLD,Researchers in R&D (per million people),SP.POP.SCIE.RD.P6,,,,,,,,,,,,,,,,,,,,,,,,,,,,,,,,,,,,,,,,,1075.214932,,,,,1204.432714,,,,,1282.492476,,,,,1410.830371,,,,,
Samoa,WSM,Researchers in R&D (per million people),SP.POP.SCIE.RD.P6,,,,,,,,,,,,,,,,,,,,,,,,,,,,,,,,,,,,,,,,,,,,,,,,,,,,,,,,,,,,,
Kosovo,XKX,Researchers in R&D (per million people),SP.POP.SCIE.RD.P6,,,,,,,,,,,,,,,,,,,,,,,,,,,,,,,,,,,,,,,,,,,,,,,,,,,,,,,,,,,,,
"Yemen, Rep.",YEM,Researchers in R&D (per million people),SP.POP.SCIE.RD.P6,,,,,,,,,,,,,,,,,,,,,,,,,,,,,,,,,,,,,,,,,,,,,,,,,,,,,,,,,,,,,
South Africa,ZAF,Researchers in R&D (per million people),SP.POP.SCIE.RD.P6,,,,,,,,,,,,,,,,,,,,,,,,,,,,,,,,,,,,,,198.49974,,,,311.20482,,302.46454,378.80948,361.3785,383.02655,393.33011,389.4041,392.12037,365.49511,386.80015,404.71937,434.85308,432.16155,472.30756,492.03626,517.72191,,,
Zambia,ZMB,Researchers in R&D (per million people),SP.POP.SCIE.RD.P6,,,,,,,,,,,,,,,,,,,,,,,,,,,,,,,,,,,,,47.6459,51.57535,53.51455,52.85704,,,,,,,,,41.71683,,,,,,,,,,,,
Zimbabwe,ZWE,Researchers in R&D (per million people),SP.POP.SCIE.RD.P6,,,,,,,,,,,,,,,,,,,,,,,,,,,,,,,,,,,,,,,,,,,,,,,,,,,,,99.5185,,,,,,,,
